{
  "total_runtime_sec": 5850.455672502518,
  "session_runtime_sec": 1496.8777332305908,
  "previous_runtime_sec": 4353.577939271927,
  "timestamp": "2026-03-01 16:42:44"
}